{"camera_matrix": [[556.0940335202711, 0.0, 334.33046496192395], [0.0, 556.4079087080204, 236.33824453644675], [0.0, 0.0, 1.0]], "dist_coeffs": [[-0.3524951691521524, 0.16894748773058876, 0.0007297387830335801, 0.001504302678980797, -0.07418922064155888]], "pixels_per_meter": 477.0009597142538, "perspective_matrix": [], "warped_size": [640, 480], "perspective_marker_id": -1, "marker_real_size": 0.0}